name,nation,position,team,age,born,played,starts,minutes,goals,assists,penalty_kicks,penalty_kick_attempts,yellow,red,expected_goals,progressive_carries,progressive_passes,received_progressive_passes
Max Aarons,England,DF,Bournemouth,25.0,2000.0,3,1,86,0,0,0,0,0,0,0.0,1,8,3
Joshua Acheampong,England,DF,Chelsea,19.0,2006.0,4,2,170,0,0,0,0,1,0,0.2,0,8,0
Tyler Adams,United States,MF,Bournemouth,26.0,1999.0,27,20,1875,0,3,0,0,7,0,1.6,13,71,10
Tosin Adarabioyo,England,DF,Chelsea,27.0,1997.0,21,14,1319,1,1,0,0,3,0,0.9,5,39,1
Simon Adingra,Cote dIvoire,"FW,MF",Brighton,23.0,2002.0,28,11,1052,2,2,0,0,0,0,2.4,50,18,128
Emmanuel Agbadou,Cote dIvoire,DF,Wolves,27.0,1997.0,15,15,1320,1,0,0,0,3,0,0.8,5,30,2
Asher Agbinone,England,MF,Crystal Palace,19.0,2005.0,2,0,6,0,0,0,0,0,0,0.0,2,0,1
Ola Aina,Nigeria,DF,Nott'ham Forest,28.0,1996.0,34,34,2913,2,1,0,0,4,0,0.6,65,104,59
Rayan Aït-Nouri,Algeria,DF,Wolves,23.0,2001.0,36,36,3045,4,7,0,0,7,1,2.6,89,107,171
Kristoffer Ajer,Norway,DF,Brentford,27.0,1998.0,23,17,1433,0,0,0,0,5,0,0.8,27,55,44
Manuel Akanji,Switzerland,DF,Manchester City,29.0,1995.0,25,22,1924,0,0,0,0,3,0,1.1,43,155,6
Nathan Aké,Netherlands,DF,Manchester City,30.0,1995.0,10,8,678,0,0,0,0,0,0,0.2,12,50,2
Carlos Alcaraz,Argentina,MF,Southampton,22.0,2002.0,1,0,10,0,0,0,0,0,0,0.1,4,6,1
Carlos Alcaraz,Argentina,"FW,MF",Everton,22.0,2002.0,14,6,689,1,3,0,0,4,0,1.4,17,41,20
Trent Alexander-Arnold,England,DF,Liverpool,26.0,1998.0,32,28,2320,3,6,0,0,5,0,1.9,50,228,90
Alisson,Brazil,GK,Liverpool,32.0,1992.0,27,27,2418,0,0,0,0,0,0,0.0,0,1,0
Miguel Almirón,Paraguay,FW,Newcastle Utd,31.0,1994.0,9,1,157,0,0,0,0,0,0,0.5,3,6,18
Edson Álvarez,Mexico,MF,West Ham,27.0,1997.0,27,19,1693,0,1,0,0,9,1,0.3,22,76,18
Will Alves,England,FW,Leicester City,20.0,2005.0,1,0,1,0,0,0,0,0,0,0.0,0,0,1
Harry Amass,England,DF,Manchester Utd,18.0,2007.0,5,4,346,0,0,0,0,0,0,0.1,9,7,23
Samuel Amo-Ameyaw,England,"FW,DF",Southampton,18.0,2006.0,2,0,28,0,0,0,0,1,0,0.0,1,0,3
Mathis Amougou,France,MF,Chelsea,19.0,2006.0,1,0,8,0,0,0,0,0,0,0.0,0,1,0
Joachim Andersen,Denmark,DF,Crystal Palace,28.0,1996.0,1,1,90,0,0,0,0,1,0,0.0,1,4,1
Joachim Andersen,Denmark,DF,Fulham,28.0,1996.0,28,28,2493,0,0,0,0,6,1,1.0,16,111,2
Elliot Anderson,England,MF,Nott'ham Forest,22.0,2002.0,36,32,2638,2,6,0,0,9,0,1.9,48,136,91
André,Brazil,MF,Wolves,23.0,2001.0,32,30,2382,0,0,0,0,7,0,0.4,8,102,11
Michail Antonio,Jamaica,FW,West Ham,35.0,1990.0,14,11,836,1,1,0,0,1,0,2.2,29,18,59
Antony,Brazil,"DF,MF",Manchester Utd,25.0,2000.0,8,0,141,0,0,0,0,0,0,1.0,5,6,7
Julian Araujo,Mexico,DF,Bournemouth,23.0,2001.0,12,7,497,0,0,0,0,2,0,0.0,4,14,22
Cameron Archer,England,FW,Southampton,23.0,2001.0,34,13,1429,2,0,0,1,0,0,5.7,21,14,66
Alphonse Areola,France,GK,West Ham,32.0,1993.0,26,25,2260,0,0,0,0,0,0,0.0,0,1,0
Joe Aribo,Nigeria,"MF,DF",Southampton,28.0,1996.0,32,21,2013,3,0,0,0,1,0,2.7,36,75,65
Adam Armstrong,England,"FW,MF",Southampton,28.0,1997.0,20,15,1248,2,2,0,1,4,0,3.3,25,21,79
Harrison Armstrong,England,MF,Everton,18.0,2007.0,3,0,48,0,0,0,0,1,0,0.4,1,1,0
Kepa Arrizabalaga,Spain,GK,Bournemouth,30.0,1994.0,30,30,2700,0,0,0,0,3,0,0.1,0,2,0
Marco Asensio,Spain,MF,Aston Villa,29.0,1996.0,12,8,699,3,1,0,2,2,0,4.4,21,43,37
Brandon Austin,England,GK,Tottenham,26.0,1999.0,1,1,90,0,0,0,0,0,0,0.0,0,0,0
Taiwo Awoniyi,Nigeria,FW,Nott'ham Forest,27.0,1997.0,26,3,416,1,0,0,0,0,0,2.1,6,7,20
Yasin Ayari,Sweden,MF,Brighton,21.0,2003.0,33,21,1921,2,1,0,0,3,0,2.4,30,74,61
Jordan Ayew,Ghana,"FW,MF",Crystal Palace,33.0,1991.0,1,0,21,0,0,0,0,1,0,0.5,0,0,1
Jordan Ayew,Ghana,"FW,MF",Leicester City,33.0,1991.0,29,18,1548,5,0,1,1,5,0,3.1,46,45,82
Benoît Badiashile,France,DF,Chelsea,24.0,2001.0,5,3,334,0,0,0,0,0,0,0.0,3,17,2
Leon Bailey,Jamaica,"FW,MF",Aston Villa,27.0,1997.0,24,14,1139,1,2,0,0,3,0,1.7,58,35,121
Carlos Baleba,Cameroon,MF,Brighton,21.0,2004.0,33,30,2571,3,1,0,0,8,1,3.0,42,115,28
Ross Barkley,England,MF,Aston Villa,31.0,1993.0,19,3,574,3,1,0,0,3,0,1.7,15,33,10
Harvey Barnes,England,FW,Newcastle Utd,27.0,1997.0,32,16,1668,9,4,0,0,0,0,7.1,90,82,186
Calvin Bassey,Nigeria,DF,Fulham,25.0,1999.0,35,34,3074,1,0,0,0,7,0,1.0,39,116,15
Altay Bayındır,Turkey,GK,Manchester Utd,27.0,1998.0,3,3,270,0,0,0,0,0,0,0.0,0,0,0
Jan Bednarek,Poland,DF,Southampton,29.0,1996.0,30,30,2531,2,0,0,0,7,0,0.7,5,60,2
Armel Bella Kotchap,Germany,DF,Southampton,23.0,2001.0,4,2,331,0,0,0,0,0,0,0.3,0,5,0
Jean-Ricner Bellegarde,France,"MF,FW",Wolves,26.0,1998.0,34,20,1673,2,7,0,0,3,0,1.5,52,43,89
Rodrigo Bentancur,Uruguay,MF,Tottenham,27.0,1997.0,25,20,1580,2,0,0,0,8,0,1.3,26,99,34
Daniel Bentley,England,GK,Wolves,31.0,1993.0,2,2,180,0,0,0,0,0,0,0.0,0,0,0
Sander Berge,Norway,MF,Fulham,27.0,1998.0,30,26,2219,0,0,0,0,6,0,0.2,29,120,9
Lucas Bergvall,Sweden,MF,Tottenham,19.0,2006.0,27,11,1212,0,1,0,0,3,0,0.7,33,49,31
Victor Bernth Kristiansen,Denmark,DF,Leicester City,22.0,2002.0,29,28,2394,0,1,0,0,1,0,0.3,39,69,75
Beto,Guinea Bissau,FW,Everton,27.0,1998.0,29,14,1447,8,0,0,0,2,0,8.0,15,16,76
Philip Billing,Denmark,MF,Bournemouth,28.0,1996.0,10,1,184,0,0,0,0,1,0,0.6,3,15,13
Yves Bissouma,Mali,MF,Tottenham,28.0,1996.0,27,16,1383,2,0,0,0,7,0,0.6,15,75,3
Oscar Bobb,Norway,FW,Manchester City,21.0,2003.0,3,0,16,0,0,0,0,0,0,0.0,1,1,1
Lamare Bogarde,Netherlands,"DF,MF",Aston Villa,21.0,2004.0,8,5,476,0,0,0,0,2,0,0.0,12,14,9
Willy Boly,Cote dIvoire,DF,Nott'ham Forest,34.0,1991.0,6,1,150,0,0,0,0,1,0,0.1,0,2,0
Sven Botman,Netherlands,DF,Newcastle Utd,25.0,2000.0,7,5,350,0,0,0,0,1,0,0.2,0,6,0
Jarrod Bowen,England,"FW,MF",West Ham,28.0,1996.0,33,33,2883,12,7,1,1,1,0,8.5,105,88,204
Conor Bradley,Northern Ireland,DF,Liverpool,21.0,2003.0,18,6,709,0,2,0,0,4,0,0.7,32,28,33
Jarrad Branthwaite,England,DF,Everton,22.0,2002.0,30,28,2511,0,1,0,0,4,0,1.2,10,66,2
James Bree,England,DF,Southampton,27.0,1997.0,17,13,1075,0,1,0,0,0,0,0.1,13,34,43
Ben Brereton,Chile,FW,Southampton,26.0,1999.0,10,4,449,0,0,0,0,1,0,0.9,12,9,42
Nathan Broadhead,Wales,"MF,FW",Ipswich Town,27.0,1998.0,17,6,625,1,0,0,0,1,0,1.6,17,12,27
Armando Broja,Albania,FW,Everton,23.0,2001.0,10,4,334,0,0,0,0,1,0,0.1,12,2,26
David Brooks,Wales,"FW,MF",Bournemouth,27.0,1997.0,28,8,898,2,0,0,0,3,0,2.2,33,34,77
Emi Buendía,Argentina,"MF,FW",Aston Villa,28.0,1996.0,12,0,98,0,0,0,0,1,0,0.7,3,7,6
Santiago Bueno,Uruguay,DF,Wolves,26.0,1998.0,28,18,1683,0,0,0,0,2,0,0.4,1,28,1
Facundo Buonanotte,Argentina,"FW,MF",Leicester City,20.0,2004.0,30,14,1504,5,2,0,0,8,0,3.9,39,54,72
Cameron Burgess,Australia,DF,Ipswich Town,29.0,1995.0,18,16,1541,0,2,0,0,0,0,1.1,2,42,4
Dan Burn,England,DF,Newcastle Utd,33.0,1992.0,36,36,3240,1,1,0,0,11,0,2.0,10,67,12
Wes Burns,Wales,"FW,DF",Ipswich Town,30.0,1994.0,18,12,926,0,1,0,0,1,0,0.5,38,8,65
Nathan Butler-Oyedeji,England,FW,Arsenal,22.0,2003.0,1,0,7,0,0,0,0,0,0,0.1,0,0,0
Moisés Caicedo,Ecuador,"MF,DF",Chelsea,23.0,2001.0,37,37,3261,1,2,0,0,10,0,0.8,43,214,36
Tom Cairney,Scotland,MF,Fulham,34.0,1991.0,24,2,555,2,0,0,0,3,1,0.5,17,51,33
Jens Cajuste,Sweden,MF,Ipswich Town,25.0,1999.0,29,24,1882,1,0,0,0,2,0,0.7,24,54,20
Riccardo Calafiori,Italy,DF,Arsenal,23.0,2002.0,19,11,983,2,1,0,0,4,0,0.9,22,54,29
Dominic Calvert-Lewin,England,FW,Everton,28.0,1997.0,25,19,1605,3,1,0,0,2,0,6.3,22,20,111
Diego Carlos,Brazil,DF,Aston Villa,32.0,1993.0,10,8,830,0,0,0,0,1,0,0.6,3,34,0
Fabio Carvalho,Portugal,"FW,MF",Brentford,22.0,2002.0,19,3,455,2,1,0,0,1,0,2.5,9,17,23
Casemiro,Brazil,MF,Manchester Utd,33.0,1992.0,23,17,1404,1,0,0,0,4,0,1.7,4,74,26
Kaelan Casey,England,DF,West Ham,20.0,2004.0,1,0,1,0,0,0,0,0,0,0.0,0,0,0
Matty Cash,Poland,DF,Aston Villa,27.0,1997.0,26,23,1980,1,1,0,0,7,0,0.4,46,41,90
Eiran Cashin,Republic of Ireland,DF,Brighton,23.0,2001.0,2,0,20,0,0,0,0,0,0,0.0,0,6,1
Timothy Castagne,Belgium,DF,Fulham,29.0,1995.0,24,17,1649,0,1,0,0,1,0,0.4,17,62,67
Trevoh Chalobah,England,DF,Crystal Palace,25.0,1999.0,12,12,1060,3,0,0,0,1,0,1.2,11,34,6
Trevoh Chalobah,England,DF,Chelsea,25.0,1999.0,13,11,910,0,1,0,0,2,0,0.8,4,37,2
Conor Chaplin,England,"MF,FW",Ipswich Town,28.0,1997.0,21,9,788,1,1,0,0,2,0,1.3,11,27,20
Youssef Chermiti,Portugal,"FW,MF",Everton,21.0,2004.0,4,0,45,0,0,0,0,1,0,0.1,0,1,6
Federico Chiesa,Italy,FW,Liverpool,27.0,1997.0,6,1,108,0,0,0,0,0,0,0.3,3,3,7
Ben Chilwell,England,DF,Crystal Palace,28.0,1996.0,8,1,259,1,0,0,0,1,0,0.2,5,8,15
Chiquinho,Portugal,MF,Wolves,25.0,2000.0,1,0,7,0,0,0,0,0,0,0.0,0,0,0
Hamza Choudhury,Bangladesh,"MF,DF",Leicester City,27.0,1997.0,4,1,131,0,0,0,0,0,0,0.0,4,3,6
Ryan Christie,Scotland,MF,Bournemouth,30.0,1995.0,29,27,2117,2,3,0,0,9,0,1.8,34,137,44
Harry Clarke,England,DF,Ipswich Town,24.0,2001.0,7,4,379,0,0,0,0,3,1,0.1,5,14,2
Jack Clarke,England,"FW,MF",Ipswich Town,24.0,2000.0,31,12,1160,0,4,0,0,2,0,1.1,36,43,56
Nathaniel Clyne,England,"DF,MF",Crystal Palace,34.0,1991.0,13,5,483,0,0,0,0,1,0,0.0,6,7,8
Conor Coady,England,DF,Leicester City,32.0,1993.0,21,18,1624,1,0,0,0,2,0,0.4,3,31,0
Séamus Coleman,Republic of Ireland,DF,Everton,36.0,1988.0,5,3,215,0,0,0,0,1,0,0.6,1,11,7
Nathan Collins,Republic of Ireland,DF,Brentford,24.0,2001.0,37,37,3330,2,3,0,0,5,0,2.5,31,126,18
Toby Collyer,England,MF,Manchester Utd,21.0,2004.0,6,0,179,0,0,0,0,0,0,0.2,0,5,2
Levi Colwill,England,DF,Chelsea,22.0,2003.0,34,34,3059,1,1,0,0,9,0,1.3,14,129,12
Lewis Cook,England,"MF,DF",Bournemouth,28.0,1997.0,36,32,2978,1,3,0,0,8,1,0.9,33,158,52
Maxwel Cornet,Cote dIvoire,FW,Southampton,28.0,1996.0,2,1,72,0,0,0,0,1,0,0.2,1,0,5
Vladimír Coufal,Czech Republic,DF,West Ham,32.0,1992.0,21,11,1048,0,0,0,0,5,0,0.3,25,38,33
Woyo Coulibaly,France,DF,Leicester City,26.0,1999.0,4,1,109,0,0,0,0,1,0,0.0,4,3,2
Aaron Cresswell,England,DF,West Ham,35.0,1989.0,17,10,823,0,0,0,0,3,0,0.2,6,36,4
Marc Cucurella,Spain,DF,Chelsea,26.0,1998.0,35,32,2898,5,1,0,0,10,1,2.8,35,114,114
Jorge Cuenca,Spain,DF,Fulham,25.0,1999.0,7,3,261,0,0,0,0,0,0,0.0,0,9,0
Matheus Cunha,Brazil,"MF,FW",Wolves,25.0,1999.0,32,28,2507,15,6,0,0,4,0,8.2,108,140,154
Patson Daka,Zambia,"FW,MF",Leicester City,26.0,1998.0,22,5,665,1,0,0,0,0,0,1.3,10,8,34
Diogo Dalot,Portugal,DF,Manchester Utd,26.0,1999.0,32,31,2788,0,3,0,0,5,0,2.0,62,102,164
Mikkel Damsgaard,Denmark,"MF,FW",Brentford,24.0,2000.0,37,33,2832,2,10,0,0,2,0,2.8,70,228,131
Danilo,Brazil,"MF,FW",Nott'ham Forest,24.0,2001.0,8,5,275,0,0,0,0,0,0,0.0,2,11,1
Jayden Danns,England,MF,Liverpool,19.0,2006.0,1,0,11,0,0,0,0,0,0,0.0,0,0,0
Kevin Danso,Austria,DF,Tottenham,26.0,1998.0,9,8,752,0,0,0,0,0,0,0.4,11,18,1
Ben Davies,Wales,DF,Tottenham,32.0,1993.0,16,14,1306,0,0,0,0,4,0,0.3,14,52,6
Leif Davis,England,DF,Ipswich Town,25.0,2000.0,32,31,2653,1,2,0,0,5,1,1.0,51,58,130
Craig Dawson,England,DF,Wolves,35.0,1990.0,15,10,971,0,0,0,0,2,0,0.5,6,20,5
Kevin De Bruyne,Belgium,"MF,FW",Manchester City,33.0,1991.0,27,19,1696,4,7,0,0,2,0,5.1,51,156,148
Bobby De Cordova-Reid,Jamaica,FW,Leicester City,32.0,1993.0,23,9,744,1,2,0,0,2,0,0.8,14,15,48
Liam Delap,England,FW,Ipswich Town,22.0,2003.0,36,32,2572,12,2,2,2,10,0,9.3,60,30,107
Sepp van den Berg,Netherlands,DF,Brentford,23.0,2001.0,30,28,2496,0,0,0,0,3,0,1.9,11,78,28
Justin Devenny,Northern Ireland,MF,Crystal Palace,21.0,2003.0,22,4,478,1,1,0,0,1,0,0.7,5,19,13
Kiernan Dewsbury-Hall,England,"MF,FW",Chelsea,26.0,1998.0,12,2,259,0,1,0,0,0,0,0.2,5,14,11
Amad Diallo,Cote dIvoire,"MF,FW",Manchester Utd,22.0,2002.0,25,19,1811,7,6,0,0,4,0,4.2,105,57,184
Rúben Dias,Portugal,DF,Manchester City,28.0,1997.0,26,24,2181,0,0,0,0,4,0,1.5,41,147,8
Luis Díaz,Colombia,FW,Liverpool,28.0,1997.0,35,27,2331,13,5,0,0,2,0,11.3,108,108,284
Tyler Dibling,England,"FW,MF",Southampton,19.0,2006.0,33,20,1874,2,0,0,0,6,0,2.5,69,64,96
Lucas Digne,France,DF,Aston Villa,31.0,1993.0,32,28,2351,0,4,0,0,4,0,0.8,23,57,142
Issa Diop,France,DF,Fulham,28.0,1997.0,21,15,1339,0,0,0,0,2,0,0.5,6,25,3
Axel Disasi,France,DF,Aston Villa,27.0,1998.0,7,5,490,0,0,0,0,2,0,0.1,10,16,5
Axel Disasi,France,DF,Chelsea,27.0,1998.0,6,4,364,1,0,0,0,1,0,0.3,6,16,2
Roman Dixon,England,DF,Everton,20.0,2004.0,1,1,90,0,0,0,0,0,0,0.0,0,0,1
Nasser Djiga,Burkina Faso,DF,Wolves,22.0,2002.0,5,1,66,0,0,0,0,0,0,0.0,0,3,2
Matt Doherty,Republic of Ireland,DF,Wolves,33.0,1992.0,29,24,2023,2,1,0,0,6,0,1.0,29,77,40
Jeremy Doku,Belgium,"FW,MF",Manchester City,22.0,2002.0,28,15,1443,3,6,0,0,1,0,1.0,202,67,274
Nicolás Domínguez,Argentina,"MF,FW",Nott'ham Forest,26.0,1998.0,33,22,1896,0,1,0,0,9,0,1.5,14,78,32
Patrick Dorgu,Denmark,DF,Manchester Utd,20.0,2004.0,11,9,752,0,0,0,0,3,1,0.4,34,27,63
Alfie Dorrington,England,DF,Tottenham,20.0,2005.0,1,0,14,0,0,0,0,0,0,0.0,0,0,0
Abdoulaye Doucouré,Mali,MF,Everton,32.0,1993.0,32,31,2549,3,2,0,0,5,1,4.1,42,82,96
Cheick Doucouré,Mali,MF,Crystal Palace,25.0,2000.0,13,4,452,0,0,0,0,1,0,0.4,2,19,7
Flynn Downes,England,MF,Southampton,26.0,1999.0,26,24,2061,1,0,0,0,12,0,0.6,26,64,29
Tommy Doyle,England,MF,Wolves,23.0,2001.0,24,3,488,0,1,0,0,1,0,0.6,6,40,4
Radu Drăgușin,Romania,DF,Tottenham,23.0,2002.0,16,14,1252,0,0,0,0,1,0,0.1,7,37,2
Martin Dúbravka,Slovakia,GK,Newcastle Utd,36.0,1989.0,10,10,900,0,0,0,0,0,0,0.0,0,0,0
Lewis Dunk,England,DF,Brighton,33.0,1991.0,25,23,2083,0,0,0,0,5,0,0.8,20,142,3
Jáder Durán,Colombia,FW,Aston Villa,21.0,2003.0,20,4,638,7,0,0,0,3,1,4.9,7,13,44
Ederson,Brazil,GK,Manchester City,31.0,1993.0,25,25,2230,0,4,0,0,4,0,0.0,0,2,0
George Edmundson,England,DF,Ipswich Town,27.0,1997.0,1,0,2,0,0,0,0,0,0,0.0,0,0,0
Odsonne Édouard,France,"MF,FW",Crystal Palace,27.0,1998.0,2,1,115,0,0,0,0,0,0,0.4,2,4,7
Odsonne Édouard,France,FW,Leicester City,27.0,1998.0,4,0,29,0,0,0,0,0,0,0.0,0,1,2
Samuel Edozie,England,"DF,FW",Southampton,22.0,2003.0,2,0,65,0,0,0,0,1,0,0.0,6,4,23
Ronnie Edwards,England,DF,Southampton,22.0,2003.0,1,0,12,0,0,0,0,0,0,0.0,0,0,0
Anthony Elanga,Sweden,"FW,MF",Nott'ham Forest,23.0,2002.0,37,30,2411,6,11,0,0,1,0,4.4,97,58,211
Harvey Elliott,England,"MF,FW",Liverpool,22.0,2003.0,17,2,365,1,2,0,0,1,0,1.8,10,44,30
Yunus Emre Konak,Turkey,"FW,MF",Brentford,19.0,2006.0,10,0,42,0,0,0,0,0,0,0.2,1,2,2
Julio Enciso,Paraguay,"MF,FW",Ipswich Town,21.0,2004.0,13,12,869,2,3,0,0,3,0,1.7,23,28,44
Julio Enciso,Paraguay,"MF,FW",Brighton,21.0,2004.0,12,2,294,0,0,0,0,0,0,1.0,11,14,17
Wataru Endo,Japan,"MF,DF",Liverpool,32.0,1993.0,19,1,251,0,0,0,0,0,0,0.0,1,15,7
Christian Eriksen,Denmark,MF,Manchester Utd,33.0,1992.0,22,11,1036,0,2,0,0,4,0,0.4,12,55,29
Romain Esse,England,MF,Crystal Palace,20.0,2005.0,6,1,127,1,1,0,0,0,0,0.3,1,7,11
Pervis Estupiñán,Ecuador,DF,Brighton,27.0,1998.0,30,26,2402,1,1,0,0,5,0,1.2,59,132,112
Evanilson,Brazil,FW,Bournemouth,25.0,1999.0,30,27,2230,10,1,0,1,1,1,12.2,28,27,95
Jake Evans,,FW,Leicester City,,,3,0,19,0,0,0,0,0,0,0.0,0,0,1
Jonny Evans,Northern Ireland,DF,Manchester Utd,37.0,1988.0,6,3,290,0,0,0,0,1,0,0.1,1,8,2
Eberechi Eze,England,"MF,FW",Crystal Palace,26.0,1998.0,33,30,2527,8,8,1,2,1,0,10.4,68,96,152
Łukasz Fabiański,Poland,GK,West Ham,40.0,1985.0,13,12,1070,0,0,0,0,2,0,0.0,0,0,0
Wout Faes,Belgium,DF,Leicester City,27.0,1998.0,33,29,2725,1,0,0,0,4,0,1.5,12,85,1
Abdul Fatawu Issahaku,Ghana,FW,Leicester City,21.0,2004.0,11,6,579,0,2,0,0,0,0,0.4,42,17,60
João Félix,Portugal,"FW,MF",Chelsea,25.0,1999.0,12,3,369,1,1,0,0,2,0,2.2,21,26,30
Evan Ferguson,Republic of Ireland,FW,West Ham,20.0,2004.0,8,1,156,0,0,0,0,0,0,0.6,1,1,7
Evan Ferguson,Republic of Ireland,FW,Brighton,20.0,2004.0,13,2,246,1,0,0,0,0,0,0.5,2,1,9
Bruno Fernandes,Portugal,MF,Manchester Utd,30.0,1994.0,35,34,2928,8,9,3,3,5,2,9.6,68,302,122
Mateus Fernandes,Portugal,MF,Southampton,20.0,2004.0,35,33,2819,2,3,0,0,8,0,3.9,76,140,108
Enzo Fernández,Argentina,MF,Chelsea,24.0,2001.0,35,31,2857,6,7,0,0,8,0,6.1,59,211,124
Mark Flekken,Netherlands,GK,Brentford,31.0,1993.0,36,36,3185,0,2,0,0,1,0,0.0,0,0,0
Phil Foden,England,"MF,FW",Manchester City,24.0,2000.0,27,20,1768,7,2,0,0,2,0,5.2,50,103,128
Wesley Fofana,France,DF,Chelsea,24.0,2000.0,14,14,1172,0,0,0,0,7,0,0.4,19,32,4
Carlos Forbs,Portugal,"MF,FW",Wolves,21.0,2004.0,10,1,239,0,0,0,0,2,0,0.1,10,8,28
Fraser Forster,England,GK,Tottenham,37.0,1988.0,7,7,630,0,0,0,0,0,0,0.0,0,0,0
Matheus França,Brazil,"MF,FW",Crystal Palace,21.0,2004.0,3,0,54,1,0,0,0,0,0,0.2,4,2,4
Ryan Fraser,Scotland,"FW,DF",Southampton,31.0,1994.0,8,4,306,0,0,0,0,0,1,0.0,10,8,18
Tyler Fredricson,England,DF,Manchester Utd,20.0,2005.0,2,2,165,0,0,0,0,0,0,0.0,2,8,0
Niclas Füllkrug,Germany,FW,West Ham,32.0,1993.0,17,5,719,3,2,0,0,2,0,2.0,6,13,28
Cody Gakpo,Netherlands,FW,Liverpool,26.0,1999.0,34,22,1845,10,3,0,0,5,0,7.0,56,52,259
Idrissa Gana Gueye,Senegal,MF,Everton,35.0,1989.0,36,34,2973,0,3,0,0,8,0,1.1,27,142,24
Andrés García,Spain,"DF,MF",Aston Villa,22.0,2003.0,7,5,318,0,0,0,0,0,0,0.0,26,15,28
Alejandro Garnacho,Argentina,"MF,FW",Manchester Utd,20.0,2004.0,36,23,2199,6,2,0,0,3,0,7.3,141,56,290
James Garner,England,"MF,DF",Everton,24.0,2001.0,20,16,1504,0,1,0,0,4,0,0.6,12,49,29
Tyrique George,England,FW,Chelsea,19.0,2006.0,8,1,183,1,1,0,0,1,0,0.2,9,3,22
Morgan Gibbs-White,England,MF,Nott'ham Forest,25.0,2000.0,33,33,2713,7,8,0,0,11,1,6.3,68,162,133
Billy Gilmour,Scotland,MF,Brighton,23.0,2001.0,2,1,98,0,0,0,0,0,0,0.1,2,11,2
Ben Godfrey,England,DF,Ipswich Town,27.0,1998.0,3,2,159,0,0,0,0,1,0,0.0,2,4,1
Martial Godo,England,"FW,DF",Fulham,22.0,2003.0,2,0,24,0,0,0,0,0,0,0.0,2,3,6
Michael Golding,England,MF,Leicester City,19.0,2006.0,1,0,1,0,0,0,0,0,0,0.0,0,0,0
João Gomes,Brazil,MF,Wolves,24.0,2001.0,35,34,2884,3,1,0,0,10,1,2.7,55,157,71
Rodrigo Gomes,Portugal,"DF,FW",Wolves,21.0,2003.0,24,7,784,2,0,0,0,0,0,0.7,22,26,79
Toti Gomes,Portugal,DF,Wolves,26.0,1999.0,30,29,2524,0,1,0,0,7,0,0.7,26,82,17
Diego Gómez,Paraguay,MF,Brighton,22.0,2003.0,15,4,470,0,0,0,0,0,0,0.7,7,25,15
Joe Gomez,England,DF,Liverpool,28.0,1997.0,9,6,519,0,0,0,0,1,0,0.3,5,35,2
Nicolás González,Spain,MF,Manchester City,23.0,2002.0,10,8,670,1,0,0,0,3,0,0.4,7,48,11
Anthony Gordon,England,"FW,MF",Newcastle Utd,24.0,2001.0,33,27,2389,6,5,1,2,2,0,8.0,118,95,209
Ryan Gravenberch,Netherlands,MF,Liverpool,23.0,2002.0,36,36,3093,0,4,0,0,5,0,1.1,67,174,54
Archie Gray,England,"DF,MF",Tottenham,19.0,2006.0,27,18,1661,0,0,0,0,1,0,0.0,7,39,17
Jack Grealish,England,"FW,MF",Manchester City,29.0,1995.0,20,7,721,1,1,0,0,3,0,1.1,69,52,118
Jacob Greaves,England,DF,Ipswich Town,24.0,2000.0,24,24,2115,1,0,0,0,5,0,1.3,10,63,9
Brajan Gruda,Germany,"MF,FW",Brighton,20.0,2004.0,20,7,612,1,4,0,0,0,0,1.1,19,21,51
Albert Grønbaek,Denmark,"FW,MF",Southampton,24.0,2001.0,4,2,143,0,0,0,0,0,0,0.1,1,1,3
Gonçalo Guedes,Portugal,"MF,FW",Wolves,28.0,1996.0,28,9,931,2,4,0,0,1,0,2.9,38,35,75
Marc Guéhi,England,DF,Crystal Palace,24.0,2000.0,34,34,3059,3,2,0,0,9,1,2.0,22,134,10
Luis Guilherme,Brazil,"MF,FW",West Ham,19.0,2006.0,12,1,150,0,0,0,0,0,0,0.4,4,5,16
Bruno Guimarães,Brazil,MF,Newcastle Utd,27.0,1997.0,37,37,3181,5,6,0,0,7,0,4.2,58,264,90
Marc Guiu,Spain,FW,Chelsea,19.0,2006.0,3,0,73,0,0,0,0,0,0,0.0,0,0,3
İlkay Gündoğan,Germany,MF,Manchester City,34.0,1990.0,32,24,2139,0,6,0,0,1,0,2.8,62,121,91
Malo Gusto,France,DF,Chelsea,22.0,2003.0,31,19,1849,0,1,0,0,4,0,1.7,49,119,85
Joško Gvardiol,Croatia,DF,Manchester City,23.0,2002.0,36,35,3187,5,0,0,0,2,0,4.4,89,256,119
Erling Haaland,Norway,FW,Manchester City,24.0,2000.0,30,30,2652,21,3,2,3,2,0,21.0,23,19,116
Lewis Hall,England,DF,Newcastle Utd,20.0,2004.0,27,24,2189,0,4,0,0,3,0,0.4,41,123,80
Ali Al Hamadi,Iraq,FW,Ipswich Town,23.0,2002.0,11,0,134,0,0,0,0,3,0,0.4,4,3,14
Marcus Harness,England,MF,Ipswich Town,29.0,1996.0,2,0,45,0,0,0,0,0,0,0.0,0,2,1
Jack Harrison,England,FW,Everton,28.0,1996.0,33,23,1986,1,0,0,0,0,0,3.5,71,48,123
Taylor Harwood-Bellis,England,DF,Southampton,23.0,2002.0,34,32,2825,1,0,0,0,9,0,1.8,29,125,9
Kai Havertz,Germany,"FW,MF",Arsenal,25.0,1999.0,22,21,1854,9,3,0,0,5,0,9.4,35,60,110
Ayden Heaven,England,DF,Manchester Utd,18.0,2006.0,3,1,105,0,0,0,0,1,0,0.0,1,2,1
Jan Paul van Hecke,Netherlands,DF,Brighton,24.0,2000.0,33,32,2868,1,1,0,0,8,1,1.3,55,221,5
Hwang Hee-chan,Korea Republic,"MF,FW",Wolves,29.0,1996.0,21,5,661,2,0,0,0,0,0,0.8,15,12,42
Dean Henderson,England,GK,Crystal Palace,28.0,1997.0,37,37,3330,0,0,0,0,3,0,0.0,0,0,0
Rico Henry,England,DF,Brentford,27.0,1997.0,5,0,99,0,0,0,0,0,0,0.0,0,4,5
Mads Hermansen,Denmark,GK,Leicester City,24.0,2000.0,27,27,2385,0,0,0,0,1,0,0.0,0,1,0
Son Heung-min,Korea Republic,FW,Tottenham,32.0,1992.0,30,24,2110,7,9,1,2,1,0,7.2,96,111,265
James Hill,England,DF,Bournemouth,23.0,2002.0,10,6,448,0,1,0,0,1,0,0.3,3,16,8
Jack Hinshelwood,England,"DF,MF",Brighton,20.0,2005.0,25,21,1752,3,2,0,0,5,0,2.1,19,65,49
George Hirst,Scotland,FW,Ipswich Town,26.0,1999.0,25,4,592,3,1,0,0,3,0,2.1,9,13,31
Mason Holgate,England,"FW,DF",Everton,28.0,1996.0,1,0,6,0,0,0,0,0,0,0.0,0,0,0
Harry Howell,England,FW,Brighton,16.0,2008.0,1,0,7,0,0,0,0,0,0,0.0,0,0,3
Callum Hudson-Odoi,England,"FW,MF",Nott'ham Forest,24.0,2000.0,30,25,2160,5,2,0,0,2,0,2.5,127,66,187
Will Hughes,England,MF,Crystal Palace,30.0,1995.0,32,23,2030,0,3,0,0,11,0,1.1,19,86,27
Dean Huijsen,Spain,DF,Bournemouth,20.0,2005.0,31,26,2414,3,1,0,0,10,0,1.9,41,132,10
Omari Hutchinson,England,"MF,FW",Ipswich Town,21.0,2003.0,30,29,2493,3,2,0,0,5,0,2.7,89,72,151
Rasmus Højlund,Denmark,FW,Manchester Utd,22.0,2003.0,31,22,1924,4,0,0,0,2,0,5.2,27,17,98
Igor,Brazil,DF,Brighton,27.0,1998.0,12,9,903,0,0,0,0,4,0,0.0,9,44,0
Danny Ings,England,"FW,MF",West Ham,32.0,1992.0,15,1,284,1,2,0,0,0,0,2.3,6,5,29
Tim Iroegbunam,England,MF,Everton,21.0,2003.0,18,5,574,0,1,0,0,4,0,0.2,8,15,9
Andy Irving,Scotland,MF,West Ham,25.0,2000.0,10,1,166,0,0,0,0,2,0,0.1,0,9,4
Alexander Isak,Sweden,FW,Newcastle Utd,25.0,1999.0,33,33,2666,23,6,4,4,1,0,20.2,82,84,206
Alex Iwobi,Nigeria,"FW,MF",Fulham,29.0,1996.0,37,35,2951,9,6,0,0,1,0,4.7,141,208,237
Nicolas Jackson,Senegal,FW,Chelsea,23.0,2001.0,30,28,2220,10,5,0,0,7,1,12.3,47,38,129
Reece James,England,"DF,MF",Chelsea,25.0,1999.0,18,11,973,1,1,0,0,1,0,0.4,7,58,12
Vitaly Janelt,Germany,MF,Brentford,27.0,1998.0,32,27,2254,1,3,0,0,3,0,0.8,17,80,38
Vitezslav Jaros,Czech Republic,GK,Liverpool,23.0,2001.0,1,0,12,0,0,0,0,0,0,0.0,0,0,0
Daniel Jebbison,England,FW,Bournemouth,21.0,2003.0,15,0,91,1,0,0,0,1,0,1.0,3,3,12
Mathias Jensen,Denmark,MF,Brentford,29.0,1996.0,23,8,851,0,2,0,0,2,0,0.2,6,60,26
Gabriel Jesus,Brazil,FW,Arsenal,28.0,1997.0,17,6,608,3,0,0,0,4,0,3.0,15,19,57
Raúl Jiménez,Mexico,FW,Fulham,34.0,1991.0,37,29,2404,12,3,3,3,4,0,11.7,35,61,124
Kim Jisoo,Korea Republic,DF,Brentford,20.0,2004.0,3,0,30,0,0,0,0,0,0,0.0,0,2,0
João Pedro,Brazil,"FW,MF",Brighton,23.0,2001.0,27,23,1948,10,6,5,5,4,1,8.9,66,78,128
Joelinton,Brazil,"MF,FW",Newcastle Utd,28.0,1996.0,29,29,2393,4,3,0,0,10,0,3.9,40,116,110
Ben Johnson,England,"DF,FW",Ipswich Town,25.0,2000.0,23,14,1354,1,2,0,0,5,1,1.1,16,27,33
Brennan Johnson,Wales,FW,Tottenham,24.0,2001.0,32,23,2087,11,3,0,0,5,0,9.8,58,70,196
Sam Johnstone,England,GK,Wolves,32.0,1993.0,7,7,630,0,0,0,0,0,0,0.0,0,0,0
Curtis Jones,England,"MF,DF",Liverpool,24.0,2001.0,32,18,1621,3,3,0,0,3,1,4.3,28,104,76
Jorginho,Italy,MF,Arsenal,33.0,1991.0,15,9,704,0,0,0,0,5,0,0.1,12,48,6
Diogo Jota,Portugal,FW,Liverpool,28.0,1996.0,25,14,1166,6,3,0,0,2,0,7.6,37,33,87
James Justin,England,DF,Leicester City,27.0,1998.0,35,33,2822,2,2,0,0,6,0,1.5,39,90,95
Filip Jørgensen,Denmark,GK,Chelsea,23.0,2002.0,6,6,540,0,0,0,0,0,0,0.0,0,0,0
Ferdi Kadioglu,Turkey,"DF,MF",Brighton,25.0,1999.0,6,5,385,1,0,0,0,1,0,0.4,1,15,27
Daichi Kamada,Japan,MF,Crystal Palace,28.0,1996.0,33,14,1474,0,0,0,0,4,1,1.1,24,84,54
Boubacar Kamara,France,MF,Aston Villa,25.0,1999.0,25,19,1643,1,0,0,0,2,0,0.8,18,84,7
Joachim Kayi Sanda,France,DF,Southampton,18.0,2006.0,1,0,9,0,0,0,0,0,0,0.0,0,1,0
Michael Kayode,Italy,DF,Brentford,20.0,2004.0,11,5,443,0,1,0,0,2,0,0.2,12,10,22
Michael Keane,England,DF,Everton,32.0,1993.0,13,10,959,3,0,0,0,5,0,0.6,1,13,3
Caoimhín Kelleher,Republic of Ireland,GK,Liverpool,26.0,1998.0,10,10,900,0,0,0,0,0,0,0.0,0,0,0
Lloyd Kelly,England,DF,Newcastle Utd,26.0,1998.0,10,4,303,0,1,0,0,2,0,0.4,0,9,5
Milos Kerkez,Hungary,DF,Bournemouth,21.0,2003.0,37,37,3246,2,5,0,0,4,0,0.5,101,154,187
Bilal El Khannouss,Morocco,"MF,FW",Leicester City,21.0,2004.0,32,27,2182,2,3,0,0,4,0,1.3,73,128,89
Abdukodir Khusanov,Uzbekistan,DF,Manchester City,21.0,2004.0,6,6,503,0,0,0,0,1,0,0.0,1,25,2
Max Kilman,England,DF,West Ham,28.0,1997.0,37,37,3258,0,1,0,0,4,0,1.6,30,112,6
Joshua King,England,MF,Fulham,18.0,2007.0,7,1,113,0,0,0,0,0,0,0.2,3,7,15
Antonín Kinský,Czech Republic,GK,Tottenham,22.0,2003.0,6,6,540,0,0,0,0,0,0,0.0,1,1,0
Jakub Kiwior,Poland,DF,Arsenal,25.0,2000.0,16,9,1032,1,0,0,0,1,0,0.2,5,44,1
Justin Kluivert,Netherlands,"MF,FW",Bournemouth,26.0,1999.0,33,28,2251,12,6,6,6,8,0,10.3,78,101,164
Ibrahima Konaté,France,DF,Liverpool,26.0,1999.0,30,29,2500,1,2,0,0,5,0,1.7,21,109,3
Ezri Konsa,England,DF,Aston Villa,27.0,1997.0,33,32,2846,2,0,0,0,1,0,1.3,24,90,11
Mateo Kovačić,Croatia,MF,Manchester City,31.0,1994.0,31,25,2198,6,2,0,0,5,1,1.9,56,164,16
Caleb Kporha,England,DF,Crystal Palace,18.0,2006.0,2,0,13,0,0,0,0,0,0,0.0,1,0,0
Emil Krafth,Sweden,DF,Newcastle Utd,30.0,1994.0,12,2,342,0,0,0,0,2,0,0.0,5,8,3
Mohammed Kudus,Ghana,"FW,MF",West Ham,24.0,2000.0,31,31,2571,4,3,0,0,2,1,6.8,97,78,214
Dejan Kulusevski,Sweden,"MF,FW",Tottenham,25.0,2000.0,32,27,2389,7,4,0,0,3,0,4.2,120,124,210
Maxence Lacroix,France,DF,Crystal Palace,25.0,2000.0,34,34,3026,1,1,0,0,5,0,3.4,8,65,7
Adam Lallana,England,MF,Southampton,37.0,1988.0,14,5,361,0,2,0,0,4,0,0.2,6,24,10
Tariq Lamptey,Ghana,DF,Brighton,24.0,2000.0,15,10,860,2,2,0,0,0,0,0.4,32,14,45
Will Lankshear,England,"FW,MF",Tottenham,20.0,2005.0,3,0,11,0,0,0,0,0,0,0.0,0,0,1
Roméo Lavia,Belgium,MF,Chelsea,21.0,2004.0,15,11,768,0,1,0,0,4,0,0.2,3,31,7
Mario Lemina,Gabon,"MF,DF",Wolves,31.0,1993.0,17,15,1364,1,3,0,0,4,0,1.4,8,48,21
Bernd Leno,Germany,GK,Fulham,33.0,1992.0,37,37,3330,0,1,0,0,5,0,0.0,0,0,0
Jefferson Lerma,Colombia,"MF,DF",Crystal Palace,30.0,1994.0,32,25,2184,0,1,0,0,9,0,1.1,12,96,26
Rico Lewis,England,"DF,MF",Manchester City,20.0,2004.0,28,21,1893,1,2,0,0,5,1,1.4,39,107,78
Keane Lewis-Potter,England,"DF,FW",Brentford,24.0,2001.0,37,35,3003,1,3,0,0,7,0,2.6,94,93,151
Myles Lewis-Skelly,England,DF,Arsenal,18.0,2006.0,22,15,1348,1,0,0,0,3,2,0.2,35,69,37
Matthijs de Ligt,Netherlands,DF,Manchester Utd,25.0,1999.0,29,25,2123,2,0,0,0,3,0,2.5,7,55,6
Pedro Lima,Brazil,DF,Wolves,18.0,2006.0,3,1,70,0,0,0,0,0,0,0.1,4,4,11
Victor Lindelöf,Sweden,DF,Manchester Utd,30.0,1994.0,15,5,614,0,0,0,0,1,0,0.0,2,19,3
Jesper Lindstrøm,Denmark,FW,Everton,25.0,2000.0,25,15,1239,0,1,0,0,2,0,2.1,30,25,81
Valentino Livramento,England,DF,Newcastle Utd,22.0,2002.0,36,31,2750,0,1,0,0,1,0,0.3,80,153,112
Sean Longstaff,England,MF,Newcastle Utd,27.0,1997.0,25,8,798,0,0,0,0,2,0,0.6,4,40,22
Saša Lukić,Serbia,MF,Fulham,28.0,1996.0,29,27,2259,0,2,0,0,12,0,1.2,39,94,31
Joe Lumley,England,GK,Southampton,30.0,1995.0,3,3,270,0,0,0,0,0,0,0.0,0,0,0
Massimo Luongo,Australia,MF,Ipswich Town,32.0,1992.0,10,2,198,0,0,0,0,0,0,0.0,0,5,1
Ian Maatsen,Netherlands,DF,Aston Villa,23.0,2002.0,28,9,1049,1,2,0,0,2,0,0.9,30,48,103
Alexis Mac Allister,Argentina,MF,Liverpool,26.0,1998.0,35,30,2599,5,5,0,0,6,0,2.8,36,177,80
James Maddison,England,MF,Tottenham,28.0,1996.0,31,21,1809,9,7,0,0,6,0,5.8,45,164,95
Noni Madueke,England,FW,Chelsea,23.0,2002.0,31,26,1948,7,3,0,0,3,0,9.6,150,68,222
Gabriel Magalhães,Brazil,DF,Arsenal,27.0,1997.0,28,28,2363,3,1,0,0,4,0,2.6,10,126,11
Edmond-Paris Maghoma,England,"MF,FW",Brentford,24.0,2001.0,8,0,119,0,0,0,0,0,0,0.1,4,13,4
Harry Maguire,England,DF,Manchester Utd,32.0,1993.0,26,18,1668,1,0,0,0,7,0,1.8,7,48,7
Kobbie Mainoo,England,MF,Manchester Utd,20.0,2005.0,24,19,1606,0,0,0,0,5,0,0.7,22,64,45
Tyrell Malacia,Netherlands,DF,Manchester Utd,25.0,1999.0,3,2,100,0,0,0,0,1,0,0.0,3,3,6
Donyell Malen,Netherlands,FW,Aston Villa,26.0,1999.0,13,2,298,3,0,0,0,0,0,2.2,11,5,26
Mateus Mane,,MF,Wolves,,,1,0,2,0,0,0,0,0,0,0.0,0,0,0
Orel Mangala,Belgium,MF,Everton,27.0,1998.0,19,14,1261,1,0,0,0,2,0,1.1,6,34,19
Ryan Manning,Republic of Ireland,"DF,MF",Southampton,28.0,1996.0,24,18,1462,0,1,0,0,2,0,0.3,14,35,74
Solly March,England,"FW,MF",Brighton,30.0,1994.0,8,1,168,0,0,0,0,2,0,0.1,5,2,20
Omar Marmoush,Egypt,"FW,MF",Manchester City,26.0,1999.0,15,13,1094,7,0,0,0,0,0,5.1,25,34,74
Gabriel Martinelli,Brazil,"FW,MF",Arsenal,23.0,2001.0,32,24,2221,8,4,0,0,1,0,6.5,120,49,281
Emiliano Martínez,Argentina,GK,Aston Villa,32.0,1992.0,36,36,3150,0,0,0,0,5,0,0.0,0,4,0
Lisandro Martínez,Argentina,DF,Manchester Utd,27.0,1998.0,20,20,1751,2,1,0,0,7,0,1.3,23,117,7
Pape Matar Sarr,Senegal,MF,Tottenham,22.0,2002.0,35,21,1868,3,2,0,0,6,0,3.7,32,87,52
Jean-Philippe Mateta,France,FW,Crystal Palace,27.0,1997.0,36,32,2587,14,2,2,2,2,0,12.9,43,52,121
Stephy Mavididi,England,FW,Leicester City,26.0,1998.0,30,16,1615,4,1,0,0,2,0,1.8,91,57,138
Konstantinos Mavropanos,Greece,DF,West Ham,27.0,1997.0,32,20,1955,0,0,0,0,6,1,1.5,16,61,2
Noussair Mazraoui,Morocco,DF,Manchester Utd,27.0,1997.0,36,33,2819,0,1,0,0,3,0,0.7,42,113,54
Bryan Mbeumo,Cameroon,FW,Brentford,25.0,1999.0,37,37,3324,19,7,5,6,3,0,12.0,126,138,343
James Mcatee,England,"MF,FW",Manchester City,22.0,2002.0,15,3,349,3,0,0,0,1,0,2.8,7,7,32
Kasey McAteer,Republic of Ireland,"FW,MF",Leicester City,23.0,2001.0,17,8,767,1,1,0,0,3,0,1.0,18,13,69
Alex McCarthy,England,GK,Southampton,35.0,1989.0,5,5,450,0,0,0,0,0,0,0.0,0,0,0
John McGinn,Scotland,"MF,FW",Aston Villa,30.0,1994.0,33,26,2162,1,4,0,0,7,0,3.0,32,103,84
Dwight McNeil,England,"MF,FW",Everton,25.0,1999.0,20,15,1356,4,6,0,0,1,0,1.1,38,67,80
Scott McTominay,Scotland,MF,Manchester Utd,28.0,1996.0,2,0,19,0,0,0,0,0,0,0.1,0,1,2
Ben Mee,England,DF,Brentford,35.0,1989.0,7,2,183,0,0,0,0,2,0,0.0,3,11,2
Jayden Meghoma,England,DF,Brentford,18.0,2006.0,1,0,5,0,0,0,0,0,0,0.0,0,0,0
Mikel Merino,Spain,"MF,FW",Arsenal,28.0,1996.0,27,16,1496,7,2,0,0,4,1,5.6,10,67,92
Shumaira Mheuka,England,MF,Chelsea,17.0,2007.0,1,0,1,0,0,0,0,0,0,0.1,0,0,0
Nikola Milenković,Serbia,DF,Nott'ham Forest,27.0,1997.0,36,36,3240,5,2,0,0,4,0,3.9,3,50,6
Lewis Miley,England,MF,Newcastle Utd,19.0,2006.0,14,1,313,1,0,0,0,0,0,0.5,2,17,8
James Milner,England,MF,Brighton,39.0,1986.0,3,3,169,0,0,0,0,1,0,0.2,1,10,10
Tyrone Mings,England,DF,Aston Villa,32.0,1993.0,14,12,1120,0,0,0,0,1,0,0.8,7,40,1
Yankuba Minteh,Gambia,"FW,MF",Brighton,20.0,2004.0,31,19,1749,6,4,0,0,6,0,4.0,85,44,183
Tyrick Mitchell,England,DF,Crystal Palace,25.0,1999.0,36,36,3002,0,4,0,0,2,0,1.3,56,66,169
Kaoru Mitoma,Japan,"FW,MF",Brighton,28.0,1997.0,35,28,2558,10,3,0,0,1,0,9.2,140,84,282
Jakub Moder,Poland,MF,Brighton,26.0,1999.0,4,0,11,0,0,0,0,0,0,0.0,2,4,0
Jeremy Monga,,"FW,MF",Leicester City,,,6,0,93,0,0,0,0,0,0,0.2,6,3,10
Mikey Moore,England,FW,Tottenham,17.0,2007.0,10,3,366,0,1,0,0,0,0,0.2,12,9,40
Morato,Brazil,DF,Nott'ham Forest,23.0,2001.0,26,6,907,0,0,0,0,5,0,0.2,1,19,1
Álex Moreno,Spain,"DF,MF",Nott'ham Forest,31.0,1993.0,15,11,955,0,1,0,0,2,0,0.2,26,34,34
Sam Morsy,Egypt,MF,Ipswich Town,33.0,1991.0,32,30,2664,1,1,0,0,10,0,0.4,19,113,11
Yerson Mosquera,Colombia,DF,Wolves,24.0,2001.0,5,5,441,0,0,0,0,2,0,0.3,0,7,0
Mason Mount,England,MF,Manchester Utd,26.0,1999.0,16,7,557,1,0,0,0,3,0,2.5,14,29,33
Divin Mubama,England,FW,Manchester City,20.0,2004.0,1,0,28,0,0,0,0,0,0,0.0,0,1,0
Mykhailo Mudryk,Ukraine,FW,Chelsea,24.0,2001.0,7,1,151,0,0,0,0,0,0,0.3,7,5,12
Marshall Munetsi,Zimbabwe,"MF,FW",Wolves,28.0,1996.0,13,11,992,1,1,0,0,0,0,3.2,8,9,29
Rodrigo Muniz,Brazil,FW,Fulham,24.0,2001.0,31,8,964,8,1,0,0,1,0,5.8,6,27,31
Daniel Muñoz,Colombia,DF,Crystal Palace,28.0,1996.0,36,36,3138,4,5,0,0,10,0,4.9,60,96,204
Arijanet Muric,Kosovo,GK,Ipswich Town,26.0,1998.0,18,18,1620,0,0,0,0,1,0,0.0,0,1,0
Murillo,Brazil,DF,Nott'ham Forest,22.0,2002.0,35,35,3098,2,0,0,0,6,0,1.4,20,106,5
Jacob Murphy,England,FW,Newcastle Utd,30.0,1995.0,34,30,2291,8,12,0,0,4,0,5.7,76,80,228
Vitaliy Mykolenko,Ukraine,DF,Everton,25.0,1999.0,34,34,2992,1,1,0,0,3,0,0.5,33,110,98
Iliman Ndiaye,Senegal,FW,Everton,25.0,2000.0,32,28,2356,9,0,2,2,3,0,6.2,83,58,120
Wilfred Ndidi,Nigeria,MF,Leicester City,28.0,1996.0,28,28,2324,0,5,0,0,8,0,2.0,18,70,75
Kosta Nedeljković,Serbia,DF,Aston Villa,19.0,2005.0,5,0,126,0,0,0,0,0,0,0.0,1,6,0
Reiss Nelson,England,FW,Arsenal,25.0,1999.0,1,0,3,0,0,0,0,0,0,0.0,0,0,0
Reiss Nelson,England,FW,Fulham,25.0,1999.0,11,5,487,1,1,0,0,1,0,1.1,45,35,63
Neto,Brazil,GK,Bournemouth,35.0,1989.0,2,2,180,0,0,0,0,0,0,0.0,0,0,0
Pedro Neto,Portugal,FW,Chelsea,25.0,2000.0,34,23,2192,4,5,0,0,8,0,3.2,123,60,250
Eddie Nketiah,England,"FW,MF",Crystal Palace,25.0,1999.0,28,9,1005,3,1,0,0,6,1,5.5,41,19,76
Christopher Nkunku,France,FW,Chelsea,27.0,1997.0,27,9,921,3,2,0,0,2,0,4.8,17,25,68
Gustavo Nunes,Brazil,"FW,MF",Brentford,19.0,2005.0,3,0,12,0,0,0,0,0,0,0.0,1,0,0
Matheus Nunes,Portugal,"DF,MF",Manchester City,26.0,1998.0,25,18,1584,1,6,0,0,4,0,0.9,60,74,161
Darwin Núñez,Uruguay,FW,Liverpool,25.0,1999.0,29,8,1103,5,2,0,0,8,0,5.3,23,27,76
Ethan Nwaneri,England,"FW,MF",Arsenal,18.0,2007.0,25,10,821,4,2,0,0,1,0,1.1,44,30,102
Christian Nørgaard,Denmark,MF,Brentford,31.0,1994.0,33,33,2729,5,3,0,0,8,1,4.2,14,146,40
Jake O'Brien,Republic of Ireland,DF,Everton,24.0,2001.0,19,16,1481,2,0,0,0,5,0,0.8,7,49,25
Matt O'Riley,Denmark,MF,Brighton,24.0,2000.0,20,11,923,1,2,0,0,1,0,2.0,22,38,52
Dara O'Shea,Republic of Ireland,DF,Ipswich Town,26.0,1999.0,34,34,3032,0,2,0,0,6,0,1.3,3,76,8
Chidozie Obi-Martin,Denmark,FW,Manchester Utd,17.0,2007.0,6,1,155,0,0,0,0,1,0,0.6,2,1,12
Wilson Odobert,France,"FW,MF",Tottenham,20.0,2004.0,15,9,805,1,0,0,0,0,0,1.6,44,26,66
Chiedozie Ogbene,Republic of Ireland,FW,Ipswich Town,28.0,1997.0,5,3,238,0,0,0,0,0,0,0.0,7,0,15
Caleb Okoli,Italy,DF,Leicester City,23.0,2001.0,19,12,1125,1,0,0,0,4,0,0.6,3,32,2
Robin Olsen,Sweden,GK,Aston Villa,35.0,1990.0,3,1,180,0,0,0,0,0,0,0.0,0,0,0
Amadou Onana,Belgium,MF,Aston Villa,23.0,2001.0,25,19,1555,3,0,0,0,4,0,2.1,26,72,16
André Onana,Cameroon,GK,Manchester Utd,29.0,1996.0,34,34,3060,0,0,0,0,0,0,0.0,0,1,0
Paul Onuachu,Nigeria,FW,Southampton,30.0,1994.0,24,11,1029,4,1,0,0,4,0,3.6,7,13,40
Frank Onyeka,Nigeria,MF,Brentford,27.0,1998.0,2,0,25,0,0,0,0,0,0,0.0,0,1,0
Lewis Orford,England,MF,West Ham,19.0,2006.0,2,0,49,0,0,0,0,0,0,0.0,0,0,1
Stefan Ortega,Germany,GK,Manchester City,32.0,1992.0,13,12,1100,0,0,0,0,1,0,0.0,0,0,0
William Osula,Denmark,FW,Newcastle Utd,21.0,2003.0,13,0,131,1,0,0,0,0,0,0.1,3,2,15
Dango Ouattara,Burkina Faso,FW,Bournemouth,23.0,2002.0,32,21,2005,7,4,0,0,3,0,8.4,79,43,191
Nico O’Reilly,England,DF,Manchester City,20.0,2005.0,9,6,528,2,0,0,0,0,0,1.3,16,17,26
Alex Palmer,England,GK,Ipswich Town,28.0,1996.0,13,13,1170,0,0,0,0,2,0,0.0,0,1,0
Cole Palmer,England,MF,Chelsea,23.0,2002.0,36,35,3101,15,8,4,5,7,0,17.2,118,212,182
Emerson Palmieri,Italy,DF,West Ham,30.0,1994.0,31,26,2113,2,1,0,0,5,0,2.0,47,66,83
Lucas Paquetá,Brazil,"MF,FW",West Ham,27.0,1997.0,32,27,2369,4,0,2,2,10,0,5.3,26,155,85
Thomas Partey,Ghana,"MF,DF",Arsenal,31.0,1993.0,34,30,2707,4,2,0,0,4,0,2.3,35,176,48
Nathan Patterson,Scotland,DF,Everton,23.0,2001.0,10,3,347,0,1,0,0,1,0,0.1,6,13,18
Andreas Pereira,Brazil,MF,Fulham,29.0,1996.0,32,24,1953,2,4,0,1,7,0,3.5,29,103,80
Ricardo Pereira,Portugal,DF,Leicester City,31.0,1993.0,9,4,369,0,0,0,0,1,0,0.1,3,15,5
Kalvin Phillips,England,MF,Ipswich Town,29.0,1995.0,19,14,1237,0,0,0,0,6,1,0.4,4,51,4
Jaden Philogene Bidace,England,"FW,MF",Aston Villa,23.0,2002.0,11,2,332,0,0,0,0,4,1,0.5,7,4,17
Jaden Philogene Bidace,England,"FW,DF",Ipswich Town,23.0,2002.0,10,5,474,2,0,0,0,1,0,2.0,13,10,36
Jordan Pickford,England,GK,Everton,31.0,1994.0,37,37,3330,0,1,0,0,7,0,0.0,0,0,0
Ethan Pinnock,Jamaica,DF,Brentford,31.0,1993.0,22,21,1913,2,0,0,0,2,0,1.1,3,41,9
Daniel Podence,Portugal,"MF,FW",Wolves,29.0,1995.0,2,0,48,0,0,0,0,0,0,0.0,1,2,3
Alfie Pond,England,DF,Wolves,21.0,2004.0,1,0,1,0,0,0,0,0,0,0.0,0,0,0
Nick Pope,England,GK,Newcastle Utd,33.0,1992.0,27,27,2430,0,0,0,0,2,0,0.0,0,1,0
Pedro Porro,Spain,DF,Tottenham,25.0,1999.0,32,27,2520,2,6,0,0,4,0,1.6,64,152,107
Jarell Quansah,England,DF,Liverpool,22.0,2003.0,13,4,495,0,0,0,0,2,0,0.1,3,19,4
Hákon Rafn Valdimarsson,Iceland,GK,Brentford,23.0,2001.0,2,1,145,0,0,0,0,0,0,0.0,0,0,0
Aaron Ramsdale,England,GK,Southampton,27.0,1998.0,29,29,2610,0,0,0,0,2,0,0.0,0,0,0
Jacob Ramsey,England,"FW,MF",Aston Villa,23.0,2001.0,28,19,1595,1,3,0,0,4,1,1.6,60,68,110
Marcus Rashford,England,"FW,MF",Manchester Utd,27.0,1997.0,15,12,978,4,1,0,0,2,0,1.7,20,21,79
Marcus Rashford,England,FW,Aston Villa,27.0,1997.0,10,4,444,2,2,1,1,0,0,3.1,22,13,42
David Raya,Spain,GK,Arsenal,29.0,1995.0,37,37,3330,0,0,0,0,3,0,0.0,0,14,0
Harrison Reed,England,MF,Fulham,30.0,1995.0,12,0,108,0,0,0,0,2,0,0.2,1,4,7
Remy Rees-Dottin,England,FW,Bournemouth,19.0,2006.0,1,0,1,0,0,0,0,0,0,0.0,0,0,0
Sergio Reguilón,Spain,DF,Tottenham,28.0,1996.0,4,1,196,0,0,0,0,2,0,0.1,5,13,12
Vitor Reis,Brazil,DF,Manchester City,19.0,2006.0,1,0,1,0,0,0,0,0,0,0.0,0,0,0
Chadi Riad,Morocco,DF,Crystal Palace,21.0,2003.0,1,1,90,0,0,0,0,0,0,0.0,2,7,0
Declan Rice,England,MF,Arsenal,26.0,1999.0,34,32,2735,4,7,0,0,7,1,3.4,90,183,93
Chris Richards,United States,DF,Crystal Palace,25.0,2000.0,23,21,1832,1,0,0,0,4,1,1.3,6,38,2
Richarlison,Brazil,FW,Tottenham,28.0,1997.0,14,4,479,4,1,0,0,2,0,3.7,8,11,22
Andrew Robertson,Scotland,DF,Liverpool,31.0,1994.0,32,28,2398,0,1,0,0,3,1,1.2,62,167,97
Antonee Robinson,United States,DF,Fulham,27.0,1997.0,35,34,3077,0,10,0,0,8,0,0.7,117,127,269
Jay Robinson,England,"FW,MF",Southampton,18.0,2007.0,3,0,59,0,0,0,0,0,0,0.0,2,1,6
Rodri,Spain,MF,Manchester City,28.0,1996.0,3,1,73,0,0,0,0,0,0,0.0,1,4,1
Guido Rodríguez,Argentina,MF,West Ham,31.0,1994.0,22,16,1138,0,0,0,0,6,0,0.2,3,32,6
Mads Roerslev,Denmark,DF,Brentford,25.0,1999.0,19,11,1101,0,2,0,0,2,0,0.2,17,51,54
Morgan Rogers,England,"FW,MF",Aston Villa,22.0,2002.0,36,36,3031,8,10,0,0,9,0,6.6,114,122,187
Cristian Romero,Argentina,DF,Tottenham,27.0,1998.0,18,18,1416,1,0,0,0,3,0,1.6,12,71,3
Georginio Rutter,France,"MF,FW",Brighton,23.0,2002.0,28,19,1656,5,3,0,0,2,0,4.6,42,67,79
José Sá,Portugal,GK,Wolves,32.0,1993.0,28,28,2520,0,0,0,0,2,0,0.0,0,2,0
Bukayo Saka,England,"FW,MF",Arsenal,23.0,2001.0,24,20,1701,6,10,1,1,3,0,6.8,94,67,247
Mohamed Salah,Egypt,FW,Liverpool,32.0,1992.0,37,37,3281,28,18,9,9,1,0,24.8,153,140,470
William Saliba,France,DF,Arsenal,24.0,2001.0,35,35,3039,2,0,0,0,2,1,2.3,16,138,6
Robert Sánchez,Spain,GK,Chelsea,27.0,1997.0,31,31,2790,0,0,0,0,5,0,0.0,0,1,0
Jadon Sancho,England,FW,Chelsea,25.0,2000.0,30,18,1703,3,4,0,0,2,0,2.2,100,88,221
Ibrahim Sangaré,Cote dIvoire,MF,Nott'ham Forest,27.0,1997.0,12,6,534,0,1,0,0,3,0,0.0,1,24,3
Pablo Sarabia,Spain,"MF,FW",Wolves,33.0,1992.0,23,7,814,3,2,0,0,3,0,2.9,15,60,62
Jeremy Sarmiento,Ecuador,MF,Brighton,22.0,2002.0,1,0,9,0,0,0,0,0,0,0.0,0,0,2
Ismaila Sarr,Senegal,MF,Crystal Palace,27.0,1998.0,37,29,2621,7,6,0,0,4,0,10.1,72,84,179
Sávio,Brazil,"FW,MF",Manchester City,21.0,2004.0,28,21,1749,1,8,0,0,3,0,5.0,135,66,244
Oliver Scarles,England,DF,West Ham,19.0,2005.0,14,6,594,0,0,0,0,1,0,0.1,11,21,39
Dane Scarlett,England,"FW,MF",Tottenham,21.0,2004.0,3,0,34,0,1,0,0,0,0,0.0,1,1,1
Kevin Schade,Germany,FW,Brentford,23.0,2001.0,37,25,2214,11,2,0,0,3,0,8.1,59,36,158
Fabian Schär,Switzerland,DF,Newcastle Utd,33.0,1991.0,33,32,2844,4,0,0,0,8,1,3.3,14,110,21
Jeffrey Schlupp,Ghana,"MF,DF",Crystal Palace,32.0,1992.0,12,0,103,0,0,0,0,0,0,0.2,4,5,9
Alex Scott,England,MF,Bournemouth,21.0,2003.0,19,8,754,0,0,0,0,3,0,0.7,15,52,33
Matz Sels,Belgium,GK,Nott'ham Forest,33.0,1992.0,37,37,3330,0,0,0,0,4,0,0.0,0,1,0
Nélson Semedo,Portugal,DF,Wolves,31.0,1993.0,33,31,2796,0,4,0,0,7,0,0.8,64,77,114
Antoine Semenyo,Ghana,FW,Bournemouth,25.0,2000.0,36,35,3113,9,5,0,0,9,0,9.5,138,108,272
Marcos Senesi,Argentina,DF,Bournemouth,28.0,1997.0,16,12,1029,0,0,0,0,5,0,0.8,12,54,6
Ryan Sessegnon,England,"FW,DF",Fulham,25.0,2000.0,15,7,563,4,2,0,0,1,0,1.6,15,20,56
Luke Shaw,England,DF,Manchester Utd,29.0,1995.0,7,4,349,0,0,0,0,1,0,0.0,7,24,7
Zain Silcott-Duberry,Montserrat,FW,Bournemouth,19.0,2005.0,1,0,1,0,0,0,0,0,0,0.0,0,0,0
Bernardo Silva,Portugal,"MF,FW",Manchester City,30.0,1994.0,32,28,2580,4,4,0,0,7,0,3.9,99,126,198
Jota Silva,Portugal,"FW,MF",Nott'ham Forest,25.0,1999.0,30,5,846,3,1,0,0,5,0,2.1,21,18,59
Eric da Silva Moreira,Germany,"MF,DF",Nott'ham Forest,19.0,2006.0,2,0,30,0,0,0,0,0,0,0.0,1,0,1
Jahmai Simpson-Pusey,England,DF,Manchester City,19.0,2005.0,2,1,96,0,0,0,0,1,0,0.0,1,3,0
Luis Sinisterra,Colombia,"FW,MF",Bournemouth,25.0,1999.0,12,1,236,1,1,0,0,0,0,1.2,19,6,38
Oliver Skipp,England,MF,Leicester City,24.0,2000.0,23,9,1058,0,0,0,0,8,0,0.2,16,34,19
William Smallbone,Republic of Ireland,MF,Southampton,25.0,2000.0,17,6,678,1,0,0,0,1,0,0.6,5,27,25
Adam Smith,England,DF,Bournemouth,34.0,1991.0,24,18,1500,0,0,0,0,7,0,0.7,12,43,33
Emile Smith Rowe,England,MF,Fulham,24.0,2000.0,33,25,2013,6,3,0,0,3,0,4.5,53,122,123
Dominic Solanke,England,FW,Tottenham,27.0,1997.0,26,24,2136,8,3,0,0,0,0,10.1,30,47,88
Carlos Soler,Spain,"MF,FW",West Ham,28.0,1997.0,31,14,1408,1,1,0,0,6,0,1.8,17,56,37
Julio Soler,Argentina,"DF,FW",Bournemouth,20.0,2005.0,2,0,10,0,0,0,0,0,0,0.0,0,0,2
Ramón Sosa,Paraguay,"FW,MF",Nott'ham Forest,25.0,1999.0,19,1,295,1,0,0,0,1,0,1.0,12,6,17
Tomáš Souček,Czech Republic,MF,West Ham,30.0,1995.0,34,29,2477,9,1,0,0,8,0,6.6,8,71,67
Boubakary Soumaré,France,MF,Leicester City,26.0,1999.0,30,24,2081,0,0,0,0,8,0,0.3,34,103,23
Djed Spence,England,DF,Tottenham,24.0,2000.0,24,19,1784,1,2,0,0,4,1,0.6,58,105,70
Jay Stansfield,England,MF,Fulham,22.0,2002.0,1,0,1,0,0,0,0,0,0,0.0,0,0,0
Jason Steele,England,GK,Brighton,34.0,1990.0,2,2,180,0,0,0,0,0,0,0.0,0,0,0
Jack Stephens,England,DF,Southampton,31.0,1994.0,19,17,1389,1,0,0,0,2,2,0.6,14,63,2
Raheem Sterling,England,"FW,MF",Arsenal,30.0,1994.0,16,6,437,0,2,0,0,1,0,1.3,25,17,73
Ross Stewart,Scotland,FW,Southampton,28.0,1996.0,11,3,320,0,0,0,0,1,0,0.8,3,2,7
Jakub Stolarczyk,Poland,GK,Leicester City,24.0,2000.0,9,9,810,0,0,0,0,1,0,0.0,0,1,0
John Stones,England,"DF,MF",Manchester City,30.0,1994.0,11,6,548,2,0,0,0,1,0,0.4,10,21,2
Jørgen Strand Larsen,Norway,FW,Wolves,25.0,2000.0,34,30,2561,14,3,0,0,4,0,10.3,17,29,111
Yukinari Sugawara,Japan,"DF,MF",Southampton,24.0,2000.0,29,15,1467,1,1,0,0,4,0,0.5,32,68,76
Kamaldeen Sulemana,Ghana,"FW,MF",Southampton,23.0,2002.0,25,16,1324,1,1,0,0,2,0,1.4,59,27,85
Crysencio Summerville,Netherlands,"FW,MF",West Ham,23.0,2001.0,19,7,786,1,1,0,0,2,0,1.6,29,18,71
Sammie Szmodics,Republic of Ireland,"FW,MF",Ipswich Town,29.0,1995.0,19,13,979,4,0,0,0,2,0,3.4,16,18,46
Dominik Szoboszlai,Hungary,MF,Liverpool,24.0,2000.0,35,28,2432,6,6,0,0,6,0,7.3,71,124,124
Matt Targett,England,DF,Newcastle Utd,29.0,1995.0,2,0,21,0,0,0,0,0,0,0.0,0,0,1
James Tarkowski,England,DF,Everton,32.0,1992.0,33,33,2922,1,1,0,0,6,0,1.3,9,75,3
Marcus Tavernier,England,"FW,MF",Bournemouth,26.0,1999.0,28,19,1850,3,5,0,0,6,0,5.3,50,114,124
Charlie Taylor,England,DF,Southampton,31.0,1993.0,7,2,266,0,0,0,0,1,0,0.0,3,8,6
Jack Taylor,Republic of Ireland,MF,Ipswich Town,26.0,1998.0,31,4,847,1,0,0,0,4,0,0.7,11,43,22
Mathys Tel,France,FW,Tottenham,20.0,2005.0,12,10,829,2,1,1,1,2,0,2.3,24,19,66
Kenny Tete,Netherlands,DF,Fulham,29.0,1995.0,21,20,1684,0,2,0,0,5,0,1.3,34,62,53
Thiago,Brazil,"FW,MF",Brentford,23.0,2001.0,7,1,164,0,0,0,0,0,0,0.1,3,4,7
Luke Thomas,England,DF,Leicester City,23.0,2001.0,13,12,1039,0,0,0,0,2,0,0.4,4,35,16
Youri Tielemans,Belgium,MF,Aston Villa,28.0,1997.0,35,35,2997,3,7,0,1,4,0,3.1,39,234,48
Kieran Tierney,Scotland,"DF,FW",Arsenal,27.0,1997.0,12,1,197,0,0,0,0,0,0,0.2,5,12,23
Jurriën Timber,Netherlands,DF,Arsenal,23.0,2001.0,30,27,2417,1,3,0,0,7,0,1.2,57,146,104
Jean-Clair Todibo,France,DF,West Ham,25.0,1999.0,26,19,1736,0,0,0,0,3,0,0.4,9,37,5
Harry Toffolo,England,DF,Nott'ham Forest,29.0,1995.0,4,1,137,0,0,0,0,1,0,0.0,0,2,4
Takehiro Tomiyasu,Japan,DF,Arsenal,26.0,1998.0,1,0,7,0,0,0,0,0,0,0.2,0,1,0
Sandro Tonali,Italy,MF,Newcastle Utd,25.0,2000.0,35,27,2540,4,2,0,0,5,0,4.4,33,123,49
Pau Torres,Spain,DF,Aston Villa,28.0,1997.0,23,22,1930,0,0,0,0,1,0,0.5,40,96,8
Conor Townsend,England,DF,Ipswich Town,32.0,1993.0,6,3,335,0,1,0,0,1,0,0.0,2,8,13
Adama Traoré,Spain,"FW,MF",Fulham,29.0,1996.0,35,17,1699,2,7,0,0,3,0,3.9,99,67,156
Boubacar Traoré,Mali,MF,Wolves,23.0,2001.0,1,0,1,0,0,0,0,0,0,0.0,0,0,0
Mark Travers,Republic of Ireland,GK,Bournemouth,26.0,1999.0,5,5,450,0,0,0,0,0,0,0.0,0,0,0
Ryan Trevitt,England,MF,Brentford,22.0,2003.0,1,0,4,0,0,0,0,0,0,0.0,0,0,1
Kieran Trippier,England,DF,Newcastle Utd,34.0,1990.0,24,14,1281,0,3,0,0,1,0,0.1,25,111,53
Leandro Trossard,Belgium,FW,Arsenal,30.0,1994.0,37,28,2518,8,6,0,0,4,1,7.1,80,101,221
Kostas Tsimikas,Greece,DF,Liverpool,29.0,1996.0,18,9,837,0,1,0,0,2,0,0.4,17,76,43
Axel Tuanzebe,Congo DR,DF,Ipswich Town,27.0,1997.0,21,19,1620,0,1,0,0,5,1,0.2,9,55,11
Destiny Udogie,Italy,DF,Tottenham,22.0,2002.0,24,23,1834,0,1,0,0,2,0,0.3,54,120,93
Manuel Ugarte Ribeiro,Uruguay,MF,Manchester Utd,24.0,2001.0,29,22,1785,1,2,0,0,11,0,1.0,16,61,20
Lesley Ugochukwu,France,MF,Southampton,21.0,2004.0,25,17,1570,1,1,0,0,7,0,0.9,29,49,20
Enes Ünal,Turkey,"FW,MF",Bournemouth,28.0,1997.0,17,2,345,2,1,0,0,2,0,2.7,4,12,22
Virgil van Dijk,Netherlands,DF,Liverpool,33.0,1991.0,36,36,3240,3,1,0,0,4,0,2.2,18,182,6
Jamie Vardy,England,FW,Leicester City,38.0,1987.0,35,35,2823,9,4,1,2,5,0,11.2,29,22,120
Renato Veiga,Portugal,"DF,MF",Chelsea,21.0,2003.0,7,1,181,0,0,0,0,2,0,0.1,4,7,3
Joël Veltman,Netherlands,DF,Brighton,33.0,1992.0,20,19,1665,0,0,0,0,4,0,0.5,30,80,32
Micky van de Ven,Netherlands,DF,Tottenham,24.0,2001.0,12,11,950,0,2,0,0,4,0,0.6,8,51,1
Bart Verbruggen,Netherlands,GK,Brighton,22.0,2002.0,35,35,3150,0,1,0,0,5,0,0.0,0,2,0
Jannik Vestergaard,Denmark,DF,Leicester City,32.0,1992.0,18,16,1391,0,0,0,0,5,0,0.1,3,32,2
Guglielmo Vicario,Italy,GK,Tottenham,28.0,1996.0,23,23,2070,0,0,0,0,1,0,0.0,0,1,0
Carlos Vinícius,Brazil,"MF,FW",Fulham,30.0,1995.0,3,0,16,0,0,0,0,0,0,0.0,1,0,3
Kyle Walker,England,DF,Manchester City,34.0,1990.0,15,9,970,0,0,0,0,3,0,0.1,12,64,11
Kyle Walker-Peters,England,DF,Southampton,28.0,1997.0,33,33,2918,0,2,0,0,5,0,0.8,114,139,144
Christian Walton,England,GK,Ipswich Town,29.0,1995.0,6,6,540,0,0,0,0,0,0,0.0,0,0,0
Aaron Wan-Bissaka,England,DF,West Ham,27.0,1997.0,35,34,3064,2,4,0,0,1,0,1.2,110,146,160
Danny Ward,Wales,GK,Leicester City,31.0,1993.0,2,1,135,0,0,0,0,0,0,0.0,0,0,0
Joel Ward,England,DF,Crystal Palace,35.0,1989.0,2,1,71,0,0,0,0,1,0,0.0,0,1,1
James Ward-Prowse,England,MF,West Ham,30.0,1994.0,14,11,961,0,1,0,0,2,0,1.1,10,49,6
James Ward-Prowse,England,MF,Nott'ham Forest,30.0,1994.0,9,5,400,0,1,0,0,2,1,0.1,1,16,3
Ollie Watkins,England,FW,Aston Villa,29.0,1995.0,37,30,2508,16,8,2,2,2,0,15.3,54,29,161
Adam Webster,England,DF,Brighton,30.0,1995.0,13,10,797,0,0,0,0,1,0,0.0,8,48,2
Danny Welbeck,England,FW,Brighton,34.0,1990.0,30,24,2115,10,4,1,1,5,0,9.6,21,47,95
Welington,Brazil,"DF,MF",Southampton,24.0,2001.0,9,5,392,0,0,0,0,1,0,0.0,3,10,19
Timo Werner,Germany,"FW,MF",Tottenham,29.0,1996.0,18,4,516,0,3,0,0,0,0,1.0,42,30,89
Adam Wharton,England,MF,Crystal Palace,20.0,2004.0,20,16,1318,0,2,0,0,2,0,0.4,14,107,11
Ben White,England,DF,Arsenal,27.0,1997.0,16,12,1108,0,1,0,0,2,0,0.5,19,51,35
Mats Wieffer,Netherlands,"MF,DF",Brighton,25.0,1999.0,24,9,925,1,3,0,0,6,0,0.7,18,56,21
Neco Williams,Wales,DF,Nott'ham Forest,24.0,2001.0,34,27,2504,1,3,0,0,7,0,2.3,66,89,98
Willian,Brazil,"FW,MF",Fulham,36.0,1988.0,10,2,257,0,0,0,0,0,0,0.3,11,40,33
Joe Willock,England,"MF,FW",Newcastle Utd,25.0,1999.0,31,11,1041,0,2,0,0,4,0,1.6,38,40,85
Callum Wilson,England,FW,Newcastle Utd,33.0,1992.0,17,2,349,0,0,0,0,1,0,0.4,5,4,16
Harry Wilson,Wales,"FW,MF",Fulham,28.0,1997.0,24,11,1102,6,1,0,0,2,0,4.0,18,50,94
Harry Winks,England,MF,Leicester City,29.0,1996.0,22,17,1538,0,2,0,0,4,0,0.2,19,101,11
Ben Winterburn,England,"FW,MF",Bournemouth,20.0,2004.0,3,0,23,0,0,0,0,0,0,0.0,2,0,2
Yoane Wissa,Congo DR,FW,Brentford,28.0,1996.0,34,33,2829,19,4,0,0,4,0,18.3,56,64,149
Chris Wood,New Zealand,FW,Nott'ham Forest,33.0,1991.0,35,34,2869,20,3,3,3,1,0,12.6,14,41,91
Nathan Wood-Gordon,England,DF,Southampton,22.0,2002.0,10,8,683,0,0,0,0,2,0,0.2,2,17,0
Luke Woolfenden,England,DF,Ipswich Town,26.0,1998.0,15,12,1187,0,0,0,0,2,0,0.0,7,15,0
Yehor Yarmoliuk,Ukraine,MF,Brentford,21.0,2004.0,30,14,1360,0,0,0,0,6,0,0.6,15,58,46
Ryan Yates,England,MF,Nott'ham Forest,27.0,1997.0,34,18,1892,2,1,0,0,10,0,2.3,17,49,15
Leny Yoro,France,DF,Manchester Utd,19.0,2005.0,21,12,1165,0,0,0,0,5,0,0.7,19,52,4
Ashley Young,England,DF,Everton,39.0,1985.0,31,18,1785,1,3,0,0,6,1,0.3,23,89,32
Illia Zabarnyi,Ukraine,DF,Bournemouth,22.0,2002.0,35,34,3019,0,0,0,0,4,1,1.1,26,134,4
Oleksandr Zinchenko,Ukraine,"DF,MF",Arsenal,28.0,1996.0,14,4,458,0,1,0,0,1,0,0.3,10,37,12
Joshua Zirkzee,Netherlands,"FW,MF",Manchester Utd,24.0,2001.0,32,14,1402,3,1,0,0,2,0,4.8,14,44,69
Martin Ødegaard,Norway,MF,Arsenal,26.0,1998.0,29,26,2309,2,8,1,1,4,0,4.7,91,255,151
